session_code,participant_id_in_session,participant_code,page_index,app_name,page_name,epoch_time_completed,round_number,timeout_happened,is_wait_page
m64jxep7,1,8limc4jb,0,,InitializeParticipant,1731086808,1,0,0
m64jxep7,1,8limc4jb,1,debate,Bienvenida,1731086814,1,0,0
m64jxep7,1,8limc4jb,2,debate,Consentimiento,1731086816,1,0,0
m64jxep7,1,8limc4jb,3,debate,Inst_iniciales,1731086817,1,0,0
k1hxkkab,1,i0g0hve8,0,,InitializeParticipant,1731089135,1,0,0
k1hxkkab,2,3gfleihj,0,,InitializeParticipant,1731089135,1,0,0
k1hxkkab,3,sc8lbs96,0,,InitializeParticipant,1731089135,1,0,0
k1hxkkab,4,tozx4h6f,0,,InitializeParticipant,1731089135,1,0,0
k1hxkkab,5,t38ifg4p,0,,InitializeParticipant,1731089135,1,0,0
k1hxkkab,6,vdz27tkv,0,,InitializeParticipant,1731089135,1,0,0
k1hxkkab,7,2av5nbe5,0,,InitializeParticipant,1731089135,1,0,0
k1hxkkab,8,akn7tcv5,0,,InitializeParticipant,1731089135,1,0,0
k1hxkkab,10,cqd95f9g,0,,InitializeParticipant,1731089135,1,0,0
k1hxkkab,9,fewonbrz,0,,InitializeParticipant,1731089135,1,0,0
k1hxkkab,11,ab0ukpg2,0,,InitializeParticipant,1731089135,1,0,0
k1hxkkab,12,ixp6t6rj,0,,InitializeParticipant,1731089135,1,0,0
k1hxkkab,7,2av5nbe5,1,debate,Bienvenida,1731089138,1,0,0
k1hxkkab,7,2av5nbe5,2,debate,Consentimiento,1731089141,1,0,0
k1hxkkab,10,cqd95f9g,1,debate,Bienvenida,1731089142,1,0,0
k1hxkkab,11,ab0ukpg2,1,debate,Bienvenida,1731089142,1,0,0
k1hxkkab,2,3gfleihj,1,debate,Bienvenida,1731089143,1,0,0
k1hxkkab,6,vdz27tkv,1,debate,Bienvenida,1731089147,1,0,0
k1hxkkab,2,3gfleihj,2,debate,Consentimiento,1731089147,1,0,0
k1hxkkab,9,fewonbrz,1,debate,Bienvenida,1731089148,1,0,0
k1hxkkab,5,t38ifg4p,1,debate,Bienvenida,1731089148,1,0,0
k1hxkkab,7,2av5nbe5,3,debate,Inst_iniciales,1731089149,1,0,0
k1hxkkab,4,tozx4h6f,1,debate,Bienvenida,1731089149,1,0,0
k1hxkkab,10,cqd95f9g,2,debate,Consentimiento,1731089150,1,0,0
k1hxkkab,5,t38ifg4p,2,debate,Consentimiento,1731089152,1,0,0
k1hxkkab,11,ab0ukpg2,2,debate,Consentimiento,1731089153,1,0,0
k1hxkkab,8,akn7tcv5,1,debate,Bienvenida,1731089154,1,0,0
k1hxkkab,4,tozx4h6f,2,debate,Consentimiento,1731089154,1,0,0
k1hxkkab,3,sc8lbs96,1,debate,Bienvenida,1731089155,1,0,0
k1hxkkab,12,ixp6t6rj,1,debate,Bienvenida,1731089156,1,0,0
k1hxkkab,1,i0g0hve8,1,debate,Bienvenida,1731089160,1,0,0
k1hxkkab,9,fewonbrz,2,debate,Consentimiento,1731089161,1,0,0
k1hxkkab,10,cqd95f9g,3,debate,Inst_iniciales,1731089164,1,0,0
k1hxkkab,4,tozx4h6f,3,debate,Inst_iniciales,1731089179,1,0,0
k1hxkkab,2,3gfleihj,3,debate,Inst_iniciales,1731089183,1,0,0
k1hxkkab,11,ab0ukpg2,3,debate,Inst_iniciales,1731089196,1,0,0
k1hxkkab,6,vdz27tkv,2,debate,Consentimiento,1731089196,1,0,0
k1hxkkab,12,ixp6t6rj,2,debate,Consentimiento,1731089202,1,0,0
k1hxkkab,5,t38ifg4p,3,debate,Inst_iniciales,1731089206,1,0,0
k1hxkkab,8,akn7tcv5,2,debate,Consentimiento,1731089217,1,0,0
k1hxkkab,9,fewonbrz,3,debate,Inst_iniciales,1731089223,1,0,0
k1hxkkab,3,sc8lbs96,2,debate,Consentimiento,1731089229,1,0,0
k1hxkkab,12,ixp6t6rj,3,debate,Inst_iniciales,1731089233,1,0,0
k1hxkkab,6,vdz27tkv,3,debate,Inst_iniciales,1731089234,1,0,0
k1hxkkab,1,i0g0hve8,2,debate,Consentimiento,1731089240,1,0,0
k1hxkkab,8,akn7tcv5,3,debate,Inst_iniciales,1731089241,1,0,0
k1hxkkab,7,2av5nbe5,4,debate,Lectura_Dilema,1731089252,1,0,0
k1hxkkab,4,tozx4h6f,4,debate,Lectura_Dilema,1731089254,1,0,0
k1hxkkab,3,sc8lbs96,3,debate,Inst_iniciales,1731089261,1,0,0
k1hxkkab,4,tozx4h6f,5,debate,Inicio_debate,1731089269,1,0,0
k1hxkkab,7,2av5nbe5,5,debate,Inicio_debate,1731089276,1,0,0
k1hxkkab,1,i0g0hve8,3,debate,Inst_iniciales,1731089287,1,0,0
k1hxkkab,11,ab0ukpg2,4,debate,Lectura_Dilema,1731089293,1,0,0
k1hxkkab,10,cqd95f9g,4,debate,Lectura_Dilema,1731089294,1,0,0
k1hxkkab,10,cqd95f9g,5,debate,Inicio_debate,1731089297,1,0,0
k1hxkkab,2,3gfleihj,4,debate,Lectura_Dilema,1731089313,1,0,0
k1hxkkab,11,ab0ukpg2,5,debate,Inicio_debate,1731089315,1,0,0
k1hxkkab,6,vdz27tkv,4,debate,Lectura_Dilema,1731089321,1,0,0
k1hxkkab,8,akn7tcv5,4,debate,Lectura_Dilema,1731089329,1,0,0
k1hxkkab,2,3gfleihj,5,debate,Inicio_debate,1731089335,1,0,0
k1hxkkab,9,fewonbrz,4,debate,Lectura_Dilema,1731089335,1,0,0
k1hxkkab,6,vdz27tkv,5,debate,Inicio_debate,1731089338,1,0,0
k1hxkkab,12,ixp6t6rj,4,debate,Lectura_Dilema,1731089339,1,0,0
k1hxkkab,5,t38ifg4p,4,debate,Lectura_Dilema,1731089345,1,0,0
k1hxkkab,8,akn7tcv5,5,debate,Inicio_debate,1731089352,1,0,0
k1hxkkab,3,sc8lbs96,4,debate,Lectura_Dilema,1731089357,1,0,0
k1hxkkab,9,fewonbrz,5,debate,Inicio_debate,1731089358,1,0,0
k1hxkkab,5,t38ifg4p,5,debate,Inicio_debate,1731089367,1,0,0
k1hxkkab,12,ixp6t6rj,5,debate,Inicio_debate,1731089368,1,0,0
k1hxkkab,1,i0g0hve8,4,debate,Lectura_Dilema,1731089385,1,0,0
k1hxkkab,3,sc8lbs96,5,debate,Inicio_debate,1731089388,1,0,0
k1hxkkab,1,i0g0hve8,5,debate,Inicio_debate,1731089405,1,0,0
k1hxkkab,4,tozx4h6f,7,debate,Encontra,1731089509,1,1,0
k1hxkkab,7,2av5nbe5,6,debate,Afavor,1731089517,1,1,0
k1hxkkab,10,cqd95f9g,7,debate,Encontra,1731089538,1,1,0
k1hxkkab,11,ab0ukpg2,6,debate,Afavor,1731089555,1,1,0
k1hxkkab,2,3gfleihj,7,debate,Encontra,1731089575,1,1,0
k1hxkkab,6,vdz27tkv,6,debate,Afavor,1731089579,1,1,0
k1hxkkab,9,fewonbrz,6,debate,Afavor,1731089599,1,1,0
k1hxkkab,10,cqd95f9g,8,debate,WaitForPostura,1731089599,1,0,1
k1hxkkab,9,fewonbrz,8,debate,WaitForPostura,1731089599,1,0,1
k1hxkkab,8,akn7tcv5,7,debate,Encontra,1731089601,1,1,0
k1hxkkab,7,2av5nbe5,8,debate,WaitForPostura,1731089601,1,0,1
k1hxkkab,8,akn7tcv5,8,debate,WaitForPostura,1731089601,1,0,1
k1hxkkab,5,t38ifg4p,7,debate,Encontra,1731089608,1,1,0
k1hxkkab,6,vdz27tkv,8,debate,WaitForPostura,1731089608,1,0,1
k1hxkkab,5,t38ifg4p,8,debate,WaitForPostura,1731089608,1,0,1
k1hxkkab,12,ixp6t6rj,7,debate,Encontra,1731089609,1,1,0
k1hxkkab,12,ixp6t6rj,8,debate,WaitForPostura,1731089609,1,0,1
k1hxkkab,11,ab0ukpg2,8,debate,WaitForPostura,1731089609,1,0,1
k1hxkkab,7,2av5nbe5,9,debate,Leer_argumento,1731089614,1,0,0
k1hxkkab,9,fewonbrz,9,debate,Leer_argumento,1731089623,1,0,0
k1hxkkab,10,cqd95f9g,9,debate,Leer_argumento,1731089626,1,0,0
k1hxkkab,6,vdz27tkv,9,debate,Leer_argumento,1731089627,1,0,0
k1hxkkab,3,sc8lbs96,6,debate,Afavor,1731089629,1,1,0
k1hxkkab,3,sc8lbs96,8,debate,WaitForPostura,1731089629,1,0,1
k1hxkkab,4,tozx4h6f,8,debate,WaitForPostura,1731089629,1,0,1
k1hxkkab,12,ixp6t6rj,9,debate,Leer_argumento,1731089637,1,0,0
k1hxkkab,11,ab0ukpg2,9,debate,Leer_argumento,1731089643,1,0,0
k1hxkkab,4,tozx4h6f,9,debate,Leer_argumento,1731089643,1,0,0
k1hxkkab,1,i0g0hve8,6,debate,Afavor,1731089646,1,1,0
k1hxkkab,2,3gfleihj,8,debate,WaitForPostura,1731089646,1,0,1
k1hxkkab,1,i0g0hve8,8,debate,WaitForPostura,1731089646,1,0,1
k1hxkkab,5,t38ifg4p,9,debate,Leer_argumento,1731089649,1,0,0
k1hxkkab,8,akn7tcv5,9,debate,Leer_argumento,1731089649,1,0,0
k1hxkkab,3,sc8lbs96,9,debate,Leer_argumento,1731089657,1,0,0
k1hxkkab,2,3gfleihj,9,debate,Leer_argumento,1731089670,1,0,0
k1hxkkab,1,i0g0hve8,9,debate,Leer_argumento,1731089671,1,0,0
k1hxkkab,7,2av5nbe5,10,debate,Replica_afavor,1731089855,1,1,0
k1hxkkab,9,fewonbrz,11,debate,Replica_encontra,1731089864,1,1,0
k1hxkkab,10,cqd95f9g,10,debate,Replica_afavor,1731089867,1,1,0
k1hxkkab,9,fewonbrz,12,debate,WaitForPostura2,1731089867,1,0,1
k1hxkkab,10,cqd95f9g,12,debate,WaitForPostura2,1731089867,1,0,1
k1hxkkab,6,vdz27tkv,11,debate,Replica_encontra,1731089868,1,1,0
k1hxkkab,10,cqd95f9g,13,debate,Leer_argumento_replica,1731089877,1,0,0
k1hxkkab,12,ixp6t6rj,10,debate,Replica_afavor,1731089878,1,1,0
k1hxkkab,11,ab0ukpg2,11,debate,Replica_encontra,1731089883,1,1,0
k1hxkkab,11,ab0ukpg2,12,debate,WaitForPostura2,1731089883,1,0,1
k1hxkkab,12,ixp6t6rj,12,debate,WaitForPostura2,1731089883,1,0,1
k1hxkkab,4,tozx4h6f,11,debate,Replica_encontra,1731089884,1,1,0
k1hxkkab,9,fewonbrz,13,debate,Leer_argumento_replica,1731089888,1,0,0
k1hxkkab,5,t38ifg4p,10,debate,Replica_afavor,1731089890,1,1,0
k1hxkkab,5,t38ifg4p,12,debate,WaitForPostura2,1731089890,1,0,1
k1hxkkab,6,vdz27tkv,12,debate,WaitForPostura2,1731089890,1,0,1
k1hxkkab,8,akn7tcv5,11,debate,Replica_encontra,1731089890,1,1,0
k1hxkkab,8,akn7tcv5,12,debate,WaitForPostura2,1731089890,1,0,1
k1hxkkab,7,2av5nbe5,12,debate,WaitForPostura2,1731089890,1,0,1
k1hxkkab,3,sc8lbs96,10,debate,Replica_afavor,1731089898,1,1,0
k1hxkkab,4,tozx4h6f,12,debate,WaitForPostura2,1731089898,1,0,1
k1hxkkab,3,sc8lbs96,12,debate,WaitForPostura2,1731089898,1,0,1
k1hxkkab,12,ixp6t6rj,13,debate,Leer_argumento_replica,1731089907,1,0,0
k1hxkkab,4,tozx4h6f,13,debate,Leer_argumento_replica,1731089908,1,0,0
k1hxkkab,2,3gfleihj,11,debate,Replica_encontra,1731089910,1,1,0
k1hxkkab,1,i0g0hve8,10,debate,Replica_afavor,1731089911,1,1,0
k1hxkkab,2,3gfleihj,12,debate,WaitForPostura2,1731089911,1,0,1
k1hxkkab,1,i0g0hve8,12,debate,WaitForPostura2,1731089911,1,0,1
k1hxkkab,8,akn7tcv5,13,debate,Leer_argumento_replica,1731089912,1,0,0
k1hxkkab,11,ab0ukpg2,13,debate,Leer_argumento_replica,1731089914,1,0,0
k1hxkkab,6,vdz27tkv,13,debate,Leer_argumento_replica,1731089918,1,0,0
k1hxkkab,7,2av5nbe5,13,debate,Leer_argumento_replica,1731089924,1,0,0
k1hxkkab,3,sc8lbs96,13,debate,Leer_argumento_replica,1731089929,1,0,0
k1hxkkab,1,i0g0hve8,13,debate,Leer_argumento_replica,1731089936,1,0,0
k1hxkkab,2,3gfleihj,13,debate,Leer_argumento_replica,1731089942,1,0,0
k1hxkkab,5,t38ifg4p,13,debate,Leer_argumento_replica,1731089952,1,0,0
k1hxkkab,5,t38ifg4p,14,debate,Espera_Argumentos_a_calificar,1731089952,1,0,1
k1hxkkab,1,i0g0hve8,14,debate,Espera_Argumentos_a_calificar,1731089952,1,0,1
k1hxkkab,8,akn7tcv5,14,debate,Espera_Argumentos_a_calificar,1731089952,1,0,1
k1hxkkab,9,fewonbrz,14,debate,Espera_Argumentos_a_calificar,1731089952,1,0,1
k1hxkkab,3,sc8lbs96,14,debate,Espera_Argumentos_a_calificar,1731089952,1,0,1
k1hxkkab,4,tozx4h6f,14,debate,Espera_Argumentos_a_calificar,1731089952,1,0,1
k1hxkkab,7,2av5nbe5,14,debate,Espera_Argumentos_a_calificar,1731089952,1,0,1
k1hxkkab,12,ixp6t6rj,14,debate,Espera_Argumentos_a_calificar,1731089952,1,0,1
k1hxkkab,6,vdz27tkv,14,debate,Espera_Argumentos_a_calificar,1731089952,1,0,1
k1hxkkab,10,cqd95f9g,14,debate,Espera_Argumentos_a_calificar,1731089952,1,0,1
k1hxkkab,11,ab0ukpg2,14,debate,Espera_Argumentos_a_calificar,1731089952,1,0,1
k1hxkkab,2,3gfleihj,14,debate,Espera_Argumentos_a_calificar,1731089952,1,0,1
k1hxkkab,4,tozx4h6f,15,debate,Posicion_final,1731089968,1,0,0
k1hxkkab,8,akn7tcv5,15,debate,Posicion_final,1731089972,1,0,0
k1hxkkab,9,fewonbrz,15,debate,Posicion_final,1731089973,1,0,0
k1hxkkab,1,i0g0hve8,15,debate,Posicion_final,1731089976,1,0,0
k1hxkkab,11,ab0ukpg2,15,debate,Posicion_final,1731089977,1,0,0
k1hxkkab,10,cqd95f9g,15,debate,Posicion_final,1731089981,1,0,0
k1hxkkab,12,ixp6t6rj,15,debate,Posicion_final,1731089984,1,0,0
k1hxkkab,4,tozx4h6f,16,debate,Instr_calificacion,1731089986,1,0,0
k1hxkkab,7,2av5nbe5,15,debate,Posicion_final,1731089986,1,0,0
k1hxkkab,3,sc8lbs96,15,debate,Posicion_final,1731089986,1,0,0
k1hxkkab,10,cqd95f9g,16,debate,Instr_calificacion,1731089988,1,0,0
k1hxkkab,6,vdz27tkv,15,debate,Posicion_final,1731089991,1,0,0
k1hxkkab,1,i0g0hve8,16,debate,Instr_calificacion,1731089991,1,0,0
k1hxkkab,5,t38ifg4p,15,debate,Posicion_final,1731089995,1,0,0
k1hxkkab,2,3gfleihj,15,debate,Posicion_final,1731089997,1,0,0
k1hxkkab,8,akn7tcv5,16,debate,Instr_calificacion,1731089998,1,0,0
k1hxkkab,11,ab0ukpg2,16,debate,Instr_calificacion,1731090002,1,0,0
k1hxkkab,7,2av5nbe5,16,debate,Instr_calificacion,1731090008,1,0,0
k1hxkkab,9,fewonbrz,16,debate,Instr_calificacion,1731090011,1,0,0
k1hxkkab,6,vdz27tkv,16,debate,Instr_calificacion,1731090012,1,0,0
k1hxkkab,12,ixp6t6rj,16,debate,Instr_calificacion,1731090015,1,0,0
k1hxkkab,3,sc8lbs96,16,debate,Instr_calificacion,1731090018,1,0,0
k1hxkkab,2,3gfleihj,16,debate,Instr_calificacion,1731090033,1,0,0
k1hxkkab,5,t38ifg4p,16,debate,Instr_calificacion,1731090037,1,0,0
k1hxkkab,3,sc8lbs96,17,debate,Calificacion,1731090056,1,0,0
k1hxkkab,4,tozx4h6f,17,debate,Calificacion,1731090086,1,0,0
k1hxkkab,8,akn7tcv5,17,debate,Calificacion,1731090093,1,0,0
k1hxkkab,11,ab0ukpg2,17,debate,Calificacion,1731090096,1,0,0
k1hxkkab,9,fewonbrz,17,debate,Calificacion,1731090097,1,0,0
k1hxkkab,1,i0g0hve8,17,debate,Calificacion,1731090112,1,0,0
k1hxkkab,2,3gfleihj,17,debate,Calificacion,1731090114,1,0,0
k1hxkkab,5,t38ifg4p,17,debate,Calificacion,1731090118,1,0,0
k1hxkkab,7,2av5nbe5,17,debate,Calificacion,1731090135,1,0,0
k1hxkkab,6,vdz27tkv,17,debate,Calificacion,1731090144,1,0,0
k1hxkkab,10,cqd95f9g,17,debate,Calificacion,1731090159,1,0,0
k1hxkkab,12,ixp6t6rj,17,debate,Calificacion,1731090165,1,0,0
k1hxkkab,1,i0g0hve8,18,debate,Espera_Argumentos_a_calificar2,1731090165,1,0,1
k1hxkkab,8,akn7tcv5,18,debate,Espera_Argumentos_a_calificar2,1731090165,1,0,1
k1hxkkab,9,fewonbrz,18,debate,Espera_Argumentos_a_calificar2,1731090165,1,0,1
k1hxkkab,5,t38ifg4p,18,debate,Espera_Argumentos_a_calificar2,1731090165,1,0,1
k1hxkkab,6,vdz27tkv,18,debate,Espera_Argumentos_a_calificar2,1731090165,1,0,1
k1hxkkab,3,sc8lbs96,18,debate,Espera_Argumentos_a_calificar2,1731090165,1,0,1
k1hxkkab,4,tozx4h6f,18,debate,Espera_Argumentos_a_calificar2,1731090165,1,0,1
k1hxkkab,11,ab0ukpg2,18,debate,Espera_Argumentos_a_calificar2,1731090165,1,0,1
k1hxkkab,7,2av5nbe5,18,debate,Espera_Argumentos_a_calificar2,1731090165,1,0,1
k1hxkkab,12,ixp6t6rj,18,debate,Espera_Argumentos_a_calificar2,1731090165,1,0,1
k1hxkkab,2,3gfleihj,18,debate,Espera_Argumentos_a_calificar2,1731090165,1,0,1
k1hxkkab,10,cqd95f9g,18,debate,Espera_Argumentos_a_calificar2,1731090165,1,0,1
k1hxkkab,12,ixp6t6rj,19,debate,Siguiente_etapa,1731090210,1,0,0
k1hxkkab,11,ab0ukpg2,19,debate,Siguiente_etapa,1731090215,1,0,0
k1hxkkab,4,tozx4h6f,19,debate,Siguiente_etapa,1731090216,1,0,0
k1hxkkab,11,ab0ukpg2,21,conflict,Introduction,1731090256,1,0,0
k1hxkkab,9,fewonbrz,19,debate,Siguiente_etapa,1731090261,1,0,0
k1hxkkab,4,tozx4h6f,21,conflict,Introduction,1731090270,1,0,0
k1hxkkab,8,akn7tcv5,19,debate,Siguiente_etapa,1731090272,1,0,0
k1hxkkab,2,3gfleihj,19,debate,Siguiente_etapa,1731090274,1,0,0
k1hxkkab,12,ixp6t6rj,21,conflict,Introduction,1731090287,1,0,0
k1hxkkab,4,tozx4h6f,22,conflict,Decision,1731090290,1,0,0
k1hxkkab,3,sc8lbs96,19,debate,Siguiente_etapa,1731090290,1,0,0
k1hxkkab,11,ab0ukpg2,22,conflict,Decision,1731090295,1,0,0
k1hxkkab,6,vdz27tkv,19,debate,Siguiente_etapa,1731090301,1,0,0
k1hxkkab,12,ixp6t6rj,22,conflict,Decision,1731090309,1,0,0
k1hxkkab,10,cqd95f9g,19,debate,Siguiente_etapa,1731090309,1,0,0
k1hxkkab,12,ixp6t6rj,23,conflict,ResultsWaitPage,1731090309,1,0,1
k1hxkkab,11,ab0ukpg2,23,conflict,ResultsWaitPage,1731090309,1,0,1
k1hxkkab,9,fewonbrz,21,conflict,Introduction,1731090315,1,0,0
k1hxkkab,12,ixp6t6rj,26,conflict,Decision,1731090321,2,0,0
k1hxkkab,8,akn7tcv5,21,conflict,Introduction,1731090326,1,0,0
k1hxkkab,1,i0g0hve8,19,debate,Siguiente_etapa,1731090335,1,0,0
k1hxkkab,10,cqd95f9g,21,conflict,Introduction,1731090348,1,0,0
k1hxkkab,10,cqd95f9g,22,conflict,Decision,1731090352,1,0,0
k1hxkkab,3,sc8lbs96,21,conflict,Introduction,1731090357,1,0,0
k1hxkkab,11,ab0ukpg2,26,conflict,Decision,1731090359,2,0,0
k1hxkkab,12,ixp6t6rj,27,conflict,ResultsWaitPage,1731090359,2,0,1
k1hxkkab,11,ab0ukpg2,27,conflict,ResultsWaitPage,1731090359,2,0,1
k1hxkkab,2,3gfleihj,21,conflict,Introduction,1731090363,1,0,0
k1hxkkab,5,t38ifg4p,19,debate,Siguiente_etapa,1731090376,1,0,0
k1hxkkab,2,3gfleihj,22,conflict,Decision,1731090378,1,0,0
k1hxkkab,11,ab0ukpg2,30,conflict,Decision,1731090382,3,0,0
k1hxkkab,9,fewonbrz,22,conflict,Decision,1731090384,1,0,0
k1hxkkab,9,fewonbrz,23,conflict,ResultsWaitPage,1731090384,1,0,1
k1hxkkab,10,cqd95f9g,23,conflict,ResultsWaitPage,1731090384,1,0,1
k1hxkkab,7,2av5nbe5,19,debate,Siguiente_etapa,1731090388,1,0,0
k1hxkkab,6,vdz27tkv,21,conflict,Introduction,1731090388,1,0,0
k1hxkkab,8,akn7tcv5,22,conflict,Decision,1731090389,1,0,0
k1hxkkab,1,i0g0hve8,21,conflict,Introduction,1731090397,1,0,0
k1hxkkab,3,sc8lbs96,22,conflict,Decision,1731090420,1,0,0
k1hxkkab,4,tozx4h6f,23,conflict,ResultsWaitPage,1731090420,1,0,1
k1hxkkab,3,sc8lbs96,23,conflict,ResultsWaitPage,1731090420,1,0,1
k1hxkkab,9,fewonbrz,26,conflict,Decision,1731090420,2,0,0
k1hxkkab,3,sc8lbs96,26,conflict,Decision,1731090427,2,0,0
k1hxkkab,1,i0g0hve8,22,conflict,Decision,1731090436,1,0,0
k1hxkkab,1,i0g0hve8,23,conflict,ResultsWaitPage,1731090436,1,0,1
k1hxkkab,2,3gfleihj,23,conflict,ResultsWaitPage,1731090436,1,0,1
k1hxkkab,4,tozx4h6f,26,conflict,Decision,1731090453,2,0,0
k1hxkkab,3,sc8lbs96,27,conflict,ResultsWaitPage,1731090453,2,0,1
k1hxkkab,4,tozx4h6f,27,conflict,ResultsWaitPage,1731090453,2,0,1
k1hxkkab,7,2av5nbe5,21,conflict,Introduction,1731090457,1,0,0
k1hxkkab,2,3gfleihj,26,conflict,Decision,1731090476,2,0,0
k1hxkkab,1,i0g0hve8,26,conflict,Decision,1731090482,2,0,0
k1hxkkab,1,i0g0hve8,27,conflict,ResultsWaitPage,1731090482,2,0,1
k1hxkkab,2,3gfleihj,27,conflict,ResultsWaitPage,1731090482,2,0,1
k1hxkkab,2,3gfleihj,30,conflict,Decision,1731090490,3,0,0
k1hxkkab,3,sc8lbs96,30,conflict,Decision,1731090495,3,0,0
k1hxkkab,4,tozx4h6f,30,conflict,Decision,1731090496,3,0,0
k1hxkkab,3,sc8lbs96,31,conflict,ResultsWaitPage,1731090496,3,0,1
k1hxkkab,4,tozx4h6f,31,conflict,ResultsWaitPage,1731090496,3,0,1
k1hxkkab,1,i0g0hve8,30,conflict,Decision,1731090509,3,0,0
k1hxkkab,1,i0g0hve8,31,conflict,ResultsWaitPage,1731090509,3,0,1
k1hxkkab,2,3gfleihj,31,conflict,ResultsWaitPage,1731090509,3,0,1
k1hxkkab,3,sc8lbs96,34,conflict,Decision,1731090513,4,0,0
k1hxkkab,4,tozx4h6f,34,conflict,Decision,1731090513,4,0,0
k1hxkkab,3,sc8lbs96,35,conflict,ResultsWaitPage,1731090513,4,0,1
k1hxkkab,4,tozx4h6f,35,conflict,ResultsWaitPage,1731090513,4,0,1
k1hxkkab,1,i0g0hve8,34,conflict,Decision,1731090518,4,0,0
k1hxkkab,4,tozx4h6f,36,conflict,TotalResult,1731090525,4,0,0
k1hxkkab,7,2av5nbe5,22,conflict,Decision,1731090538,1,0,0
k1hxkkab,8,akn7tcv5,23,conflict,ResultsWaitPage,1731090538,1,0,1
k1hxkkab,7,2av5nbe5,23,conflict,ResultsWaitPage,1731090538,1,0,1
k1hxkkab,5,t38ifg4p,21,conflict,Introduction,1731090539,1,0,0
k1hxkkab,7,2av5nbe5,26,conflict,Decision,1731090553,2,0,0
k1hxkkab,3,sc8lbs96,36,conflict,TotalResult,1731090560,4,0,0
k1hxkkab,8,akn7tcv5,26,conflict,Decision,1731090568,2,0,0
k1hxkkab,8,akn7tcv5,27,conflict,ResultsWaitPage,1731090568,2,0,1
k1hxkkab,7,2av5nbe5,27,conflict,ResultsWaitPage,1731090568,2,0,1
k1hxkkab,12,ixp6t6rj,30,conflict,Decision,1731090576,3,0,0
k1hxkkab,12,ixp6t6rj,31,conflict,ResultsWaitPage,1731090577,3,0,1
k1hxkkab,11,ab0ukpg2,31,conflict,ResultsWaitPage,1731090577,3,0,1
k1hxkkab,8,akn7tcv5,30,conflict,Decision,1731090596,3,0,0
k1hxkkab,7,2av5nbe5,30,conflict,Decision,1731090610,3,0,0
k1hxkkab,8,akn7tcv5,31,conflict,ResultsWaitPage,1731090611,3,0,1
k1hxkkab,7,2av5nbe5,31,conflict,ResultsWaitPage,1731090611,3,0,1
k1hxkkab,5,t38ifg4p,22,conflict,Decision,1731090614,1,0,0
k1hxkkab,7,2av5nbe5,34,conflict,Decision,1731090617,4,0,0
k1hxkkab,11,ab0ukpg2,34,conflict,Decision,1731090625,4,0,0
k1hxkkab,6,vdz27tkv,22,conflict,Decision,1731090627,1,0,0
k1hxkkab,6,vdz27tkv,23,conflict,ResultsWaitPage,1731090627,1,0,1
k1hxkkab,5,t38ifg4p,23,conflict,ResultsWaitPage,1731090627,1,0,1
k1hxkkab,12,ixp6t6rj,34,conflict,Decision,1731090628,4,0,0
k1hxkkab,12,ixp6t6rj,35,conflict,ResultsWaitPage,1731090629,4,0,1
k1hxkkab,11,ab0ukpg2,35,conflict,ResultsWaitPage,1731090629,4,0,1
k1hxkkab,6,vdz27tkv,26,conflict,Decision,1731090662,2,0,0
k1hxkkab,5,t38ifg4p,26,conflict,Decision,1731090662,2,0,0
k1hxkkab,5,t38ifg4p,27,conflict,ResultsWaitPage,1731090662,2,0,1
k1hxkkab,6,vdz27tkv,27,conflict,ResultsWaitPage,1731090662,2,0,1
k1hxkkab,12,ixp6t6rj,36,conflict,TotalResult,1731090664,4,0,0
k1hxkkab,2,3gfleihj,34,conflict,Decision,1731090666,4,0,0
k1hxkkab,1,i0g0hve8,35,conflict,ResultsWaitPage,1731090666,4,0,1
k1hxkkab,2,3gfleihj,35,conflict,ResultsWaitPage,1731090666,4,0,1
k1hxkkab,11,ab0ukpg2,36,conflict,TotalResult,1731090675,4,0,0
k1hxkkab,4,tozx4h6f,37,results,Survey,1731090682,1,0,0
k1hxkkab,10,cqd95f9g,26,conflict,Decision,1731090700,2,0,0
k1hxkkab,10,cqd95f9g,27,conflict,ResultsWaitPage,1731090700,2,0,1
k1hxkkab,9,fewonbrz,27,conflict,ResultsWaitPage,1731090700,2,0,1
k1hxkkab,2,3gfleihj,36,conflict,TotalResult,1731090701,4,0,0
k1hxkkab,10,cqd95f9g,30,conflict,Decision,1731090702,3,0,0
k1hxkkab,8,akn7tcv5,34,conflict,Decision,1731090712,4,0,0
k1hxkkab,8,akn7tcv5,35,conflict,ResultsWaitPage,1731090712,4,0,1
k1hxkkab,7,2av5nbe5,35,conflict,ResultsWaitPage,1731090712,4,0,1
k1hxkkab,6,vdz27tkv,30,conflict,Decision,1731090727,3,0,0
k1hxkkab,5,t38ifg4p,30,conflict,Decision,1731090735,3,0,0
k1hxkkab,5,t38ifg4p,31,conflict,ResultsWaitPage,1731090735,3,0,1
k1hxkkab,6,vdz27tkv,31,conflict,ResultsWaitPage,1731090735,3,0,1
k1hxkkab,3,sc8lbs96,37,results,Survey,1731090743,1,0,0
k1hxkkab,4,tozx4h6f,38,results,Survey_2,1731090748,1,0,0
k1hxkkab,8,akn7tcv5,36,conflict,TotalResult,1731090754,4,0,0
k1hxkkab,7,2av5nbe5,36,conflict,TotalResult,1731090775,4,0,0
k1hxkkab,6,vdz27tkv,34,conflict,Decision,1731090794,4,0,0
k1hxkkab,5,t38ifg4p,34,conflict,Decision,1731090794,4,0,0
k1hxkkab,5,t38ifg4p,35,conflict,ResultsWaitPage,1731090794,4,0,1
k1hxkkab,6,vdz27tkv,35,conflict,ResultsWaitPage,1731090794,4,0,1
k1hxkkab,9,fewonbrz,30,conflict,Decision,1731090836,3,0,0
k1hxkkab,10,cqd95f9g,31,conflict,ResultsWaitPage,1731090836,3,0,1
k1hxkkab,9,fewonbrz,31,conflict,ResultsWaitPage,1731090836,3,0,1
k1hxkkab,3,sc8lbs96,38,results,Survey_2,1731090842,1,0,0
k1hxkkab,10,cqd95f9g,34,conflict,Decision,1731090843,4,0,0
k1hxkkab,11,ab0ukpg2,37,results,Survey,1731090847,1,0,0
k1hxkkab,12,ixp6t6rj,37,results,Survey,1731090852,1,0,0
k1hxkkab,5,t38ifg4p,36,conflict,TotalResult,1731090856,4,0,0
k1hxkkab,9,fewonbrz,34,conflict,Decision,1731090857,4,0,0
k1hxkkab,10,cqd95f9g,35,conflict,ResultsWaitPage,1731090857,4,0,1
k1hxkkab,9,fewonbrz,35,conflict,ResultsWaitPage,1731090857,4,0,1
k1hxkkab,2,3gfleihj,37,results,Survey,1731090869,1,0,0
k1hxkkab,9,fewonbrz,36,conflict,TotalResult,1731090879,4,0,0
k1hxkkab,6,vdz27tkv,36,conflict,TotalResult,1731090896,4,0,0
k1hxkkab,10,cqd95f9g,36,conflict,TotalResult,1731090940,4,0,0
k1hxkkab,9,fewonbrz,37,results,Survey,1731090940,1,0,0
k1hxkkab,11,ab0ukpg2,38,results,Survey_2,1731090950,1,0,0
k1hxkkab,7,2av5nbe5,37,results,Survey,1731090955,1,0,0
k1hxkkab,1,i0g0hve8,36,conflict,TotalResult,1731090963,4,0,0
k1hxkkab,12,ixp6t6rj,38,results,Survey_2,1731090975,1,0,0
k1hxkkab,8,akn7tcv5,37,results,Survey,1731090978,1,0,0
k1hxkkab,2,3gfleihj,38,results,Survey_2,1731090982,1,0,0
k1hxkkab,9,fewonbrz,38,results,Survey_2,1731091011,1,0,0
k1hxkkab,7,2av5nbe5,38,results,Survey_2,1731091041,1,0,0
k1hxkkab,6,vdz27tkv,37,results,Survey,1731091044,1,0,0
k1hxkkab,5,t38ifg4p,37,results,Survey,1731091049,1,0,0
k1hxkkab,8,akn7tcv5,38,results,Survey_2,1731091075,1,0,0
k1hxkkab,10,cqd95f9g,37,results,Survey,1731091088,1,0,0
k1hxkkab,1,i0g0hve8,37,results,Survey,1731091151,1,0,0
k1hxkkab,10,cqd95f9g,38,results,Survey_2,1731091186,1,0,0
k1hxkkab,6,vdz27tkv,38,results,Survey_2,1731091188,1,0,0
k1hxkkab,5,t38ifg4p,38,results,Survey_2,1731091223,1,0,0
